{"cameraMode":{"drawMode":0,"name":"Shaded","section":"Shading Mode"},"sceneLighting":false,"audioPlay":false,"sceneViewState":{"m_AlwaysRefresh":false,"showFog":true,"showSkybox":false,"showFlares":true,"showImageEffects":true,"showParticleSystems":true,"showVisualEffectGraphs":true,"m_FxEnabled":true},"in2DMode":false,"pivot":{"x":2.086162567138672e-7,"y":0.26842451095581057,"z":9.978137969970704},"rotation":{"x":0.17544050514698029,"y":-0.022148650139570237,"z":0.0039475965313613419,"w":0.9842348694801331},"size":1.127215027809143,"orthographic":true}