{"cameraMode":{"drawMode":0,"name":"Shaded","section":"Shading Mode"},"sceneLighting":false,"audioPlay":false,"sceneViewState":{"m_AlwaysRefresh":false,"showFog":true,"showSkybox":false,"showFlares":true,"showImageEffects":true,"showParticleSystems":true,"showVisualEffectGraphs":true,"m_FxEnabled":true},"in2DMode":false,"pivot":{"x":13.995052337646485,"y":2.1370468139648439,"z":1.0525964498519898},"rotation":{"x":0.054863523691892627,"y":-0.01647530309855938,"z":0.0009041138691827655,"w":0.9983632564544678},"size":5.491505146026611,"orthographic":true}