{"cameraMode":{"drawMode":0,"name":"Shaded","section":"Shading Mode"},"sceneLighting":true,"audioPlay":false,"sceneViewState":{"m_AlwaysRefresh":false,"showFog":true,"showSkybox":true,"showFlares":true,"showImageEffects":true,"showParticleSystems":true,"showVisualEffectGraphs":true,"m_FxEnabled":true},"in2DMode":false,"pivot":{"x":-8.447267532348633,"y":10.165911674499512,"z":7.836463928222656},"rotation":{"x":0.10378839075565338,"y":-0.18828962743282319,"z":0.02001413330435753,"w":0.9764097929000855},"size":28.902912139892579,"orthographic":true}